,SITE_NAME,COV
0,0001BB,0.0651174137699487
35,0001BR,0.04975889494252809
70,0001KO,0.102968320376164
105,0002BB,0.06587967509155379
140,0002BR,0.08281220939383137
175,0002KO,0.06863171967996085
210,0003BB,0.09521858115085156
245,0003BR,0.05591757212778638
280,0003KO,0.08134996098792541
291,0004BB,0.21307554186147676
327,0004BR,0.07050719770383568
362,0004KO,0.07736401286069149
397,0005KO,0.07663926104437355
417,0006BB,0.10449310573823832
452,0006BR,0.060731747658149454
472,0007BB,0.18716752339159162
507,0007BR,0.15296788456044857
542,0008BB,0.03648389770812808
566,0008BR,0.036284913699035574
569,0008KO,0.06114094291289065
604,0009BB,0.06701143756363617
639,0009BR,0.05312026414517434
650,0009KO,0.06338928589880401
661,0010BB,0.06960225780826287
696,0010BR,0.06147014989758346
731,0010KO,0.06115855874584621
766,0011BB,0.11911634029818982
801,0011KO,0.06581471111506906
836,0012BB,0.0815799005572759
871,0012BR,0.08159940423685183
906,0012KO,0.09176998930179948
941,0013BB,0.037071628604173214
946,0013BR,0.08169315841985478
981,0013KO,0.06388770281810421
983,0014BR,0.02520521487204241
985,0014KO,0.08610834017645103
1020,0015BB,0.06253918805694436
1055,0015BR,0.018173980243616522
1057,0015KO,0.13601251241200765
1092,0016BB,0.15494979003800383
1103,0016BR,0.1192863865602392
1138,0016KO,0.10383188013775495
1173,0017BB,0.06346426741658139
1208,0017BR,0.12125664877538646
1243,0017KO,0.14895787650035144
1278,0018BB,0.05476983934240314
1313,0018BR,0.09155257944739567
1348,0018KO,0.0626588346388205
1383,0019BB,0.062185723131198425
1418,0019BR,0.045106199780557556
1441,0019KO,0.14212904477503036
1476,0020BB,0.02429935067203116
1511,0020BR,0.0889285584595635
1545,0020KO,0.057178608560979255
1580,0021BB,0.01883361840802536
1604,0021BR,0.12404475538217791
1639,0021KO,0.06523667063306939
1674,0022BB,0.0716466543187194
1709,0022BR,0.08392651622505723
1744,0022KO,0.10918062426860137
1779,0023BB,0.07447808720221509
1814,0023BR,0.07899338022204765
1849,0023KO,0.13092902828430436
1884,0024BB,0.027742229838754507
1886,0024BR,0.034516676628410556
1921,0024KO,0.13541374347765808
1955,0025BB,0.07490072494259269
1990,0025BR,0.05566725377434687
2025,0025KO,0.03910128402933127
2060,0026BB,0.11174229231676387
2094,0026BR,0.09075309838339796
2129,0026KO,0.07316096861485151
2140,0027BR,0.07643399149749854
2175,0027KO,0.11431944426207558
2210,0028BB,0.11784310374294997
2212,0028KO,0.09589469897890124
2247,0029BB,0.06803397460385573
2282,0029BR,0.06225768635665154
2305,0029KO,0.09512356285102419
2340,0030BB,0.06638038470033265
2375,0030BR,0.0932999962712766
2410,0030KO,0.27756725833585844
2432,0031BB,0.06722358418301909
2467,0031BR,0.041958841091592404
2471,0031KO,0.15125682200517937
2506,0032BR,0.07477719413467701
2541,0032KO,0.09828679774072345
2576,0033BB,0.0880343067617314
2611,0033KO,0.14570524671511437
2646,0034BB,0.08253685060107896
2648,0034BR,0.10097423048688195
2682,0035BB,0.15931791843717233
2684,0035BR,0.05722490879815238
2719,0035KO,0.0812706345596691
2754,0036BB,0.16609772978574966
2787,0036KO,0.07722003254169672
2822,0037BB,0.025618226187300468
2824,0037BR,0.5031603843421768
2829,0037KO,0.0408147885644159
2864,0038BB,0.2854278707064084
2901,0038BR,0.07043798837821194
2936,0038KO,0.05152636492635155
2971,0039BB,0.005908363192803224
2973,0039BR,0.08965562645605359
2977,0039KO,0.11341484944292898
3012,0040BR,0.04587140957068753
3015,0040KO,0.0779216609744795
3026,0041BR,0.0627702108625779
3061,0041KO,0.11593221790567595
3096,0042BB,0.011108155636571655
3131,0042BR,0.052130604676115515
3166,0042KO,0.03228912770794072
3201,0043BB,0.11643338958304651
3236,0043BR,0.005668222974193
3239,0044BB,0.12146123364715336
3250,0044BR,0.039176844409902524
3253,0044KO,0.10466923151159367
3284,0045BB,0.20753721583487544
3319,0045BR,0.1169951397529243
3354,0045KO,0.16470491640798138
3389,0046BB,0.019406010224853065
3424,0046BR,0.07351883105672649
3459,0046KO,0.06291716891447624
3494,0047BB,0.154210909090909
3496,0047BR,0.04863424331440644
3531,0047KO,0.040971054148716865
3560,0048BB,0.122088778388525
3595,0048BR,0.11698006904030722
3630,0048KO,0.006881309960319445
3632,0049BB,0.09009978649419047
3667,0050BR,0.1528972949908158
3700,0050KO,0.2353418874835454
3735,0051BB,0.03172242874845107
3737,0051BR,0.04828219686239151
3739,0051KO,0.2896955984786766
3776,0052BR,0.09212730074624417
3811,0052KO,0.07813124383060342
3846,0053BR,0.07044283076530677
3881,0053KO,0.07067942294570917
3916,0054BB,0.07804079692547787
3951,0054BR,0.07009383532872644
3986,0054KO,0.11640855597235585
4021,0055BR,0.07272731633221823
4023,0055KO,0.07929668349825528
4058,0056BB,0.71571714858288
4060,0056BR,0.05562221215082769
4095,0056KO,0.03643977143996248
4130,0057BR,0.06702035264562027
4165,0057KO,0.06446074166478558
4200,0058BR,0.29894289642888255
4203,0058KO,0.1421252094414544
4238,0059BR,0.07003384326542755
4273,0059KO,0.1306014699912684
4308,0060BB,0.04573961462885565
4343,0060BR,0.05972631277945675
4378,0060KO,0.029755561004536406
4413,0061BB,0.06667873801697116
4448,0061BR,0.011521489391736302
4451,0061KO,0.09074603041754332
4456,0062BB,0.03072178939254707
4491,0062BR,0.03995074582332893
4526,0063BB,0.10295621209411623
4561,0063BR,0.08446712757268847
4596,0063KO,0.027327492657308758
4631,0064BB,0.0989905194489466
4650,0064BR,0.015249961011505796
4653,0064KO,0.037122064768924004
4688,0065BB,0.06287909222522955
4723,0065BR,0.16142589880690134
4758,0066BB,0.04301003751087212
4769,0066BR,0.04638151514644213
4804,0067BB,0.009941946553223497
4806,0067BR,0.1427260728824669
4841,0068BB,0.007863617263941403
4843,0068BR,0.22448274742970814
4878,0069BB,0.03716813514510249
4897,0069BR,0.0099738504616666
4899,0070BB,0.16628359684437025
4934,0070BR,0.04269463850097189
4969,0070KO,0.049442356868758995
5004,0071BB,0.17736178891397772
5006,0071BR,0.23154316871242994
5009,0071KO,0.026408678188393455
5044,0072BB,0.07021575413456017
5079,0072BR,0.12470018191728274
5111,0072KO,0.07635715080188106
5122,0073BB,0.1668004848802842
5157,0073KO,0.13779851704322524
5192,0074BB,0.025982268812427073
5227,0074BR,0.16258961151196993
5262,0074KO,0.45395433374745514
5268,0075BB,0.0
5270,0075BR,0.06152347612765161
5305,0076BB,0.005317088629881235
5307,0076BR,0.2516581186145797
5315,0076KO,0.07442805819556618
5339,0077BB,0.059996694397002906
5341,0077BR,0.09889886494637261
5376,0077KO,0.04622296801846954
5411,0078BR,0.07994777482165903
5446,0078KO,0.09126596465310594
5473,0079BB,0.019622564117348116
5508,0079BR,0.1118586296055746
5543,0080BB,0.05545405882738408
5578,0080BR,0.10110573531340773
5613,0080KO,0.2245935369346835
5615,0081BB,0.1324395518214991
5639,0081BR,0.04628786400315653
5650,0081KO,0.03430919080954083
5685,0082BB,0.01790542263939195
5687,0082BR,0.2044008575543704
5690,0082KO,0.1359602394132096
5721,0083BB,0.06066134106123509
5742,0083BR,0.09054840290857877
5777,0083KO,0.14131572190838262
5812,0084BR,0.3459776643817701
5823,0084KO,0.17421654376128684
5834,0085BB,0.0537842331416658
5869,0085BR,0.5364216670618122
5872,0085KO,0.05350555765681313
5907,0086BB,0.06507740716623851
5918,0086BR,0.11394399303872334
5953,0086KO,0.05783539116258031
5988,0087BB,0.06932478461230211
5990,0087KO,0.08366545015128796
6001,0088BB,0.06704822827025543
6036,0088BR,0.07327045615266391
6071,0088KO,0.07391298223254546
6106,0089BB,0.04387772785974062
6130,0089BR,0.00858340010030851
6133,0089KO,0.38799428530246627
6168,0090BB,0.07673734505449661
6170,0090BR,0.11193468174627852
6205,0090KO,0.11391744997216874
6240,0091BB,0.06801457698102877
6275,0091BR,0.09279647583726519
6297,0091KO,0.18652705931044666
6328,0092BR,0.09782582993344634
6363,0092KO,0.07921458493365213
6398,0093BB,0.08838819506696201
6433,0093BR,0.012187364900743116
6436,0093KO,0.1271176580450088
6471,0094BB,0.03212867198867443
6473,0094BR,0.02603383914287104
6475,0094KO,0.0807062801771203
6510,0095BR,0.22627737226277375
6512,0095KO,0.25110821382007825
6514,0096BB,0.10046495304096631
6549,0096BR,0.059330645313566
6584,0096KO,0.1451903106422941
6619,0097BB,0.10555781233652119
6654,0097BR,0.00720388674819909
6656,0097KO,0.06597842807956816
6691,0098BB,0.05371075882398927
6715,0098BR,0.013902648847932055
6718,0098KO,0.1261277863907765
6753,0099BB,0.14054128683511968
6788,0099BR,0.08461497560042205
6809,0099KO,0.027019830337923365
6844,0100BB,0.017320473367332157
6879,0100BR,0.13995257074350628
6900,0100KO,0.013631499873620646
6903,0101BB,0.02402360934784821
6938,0101BR,0.042173249111299015
6973,0101KO,0.2084930523577969
7008,0102BB,0.08178100863243984
7010,0102BR,0.13515645705686768
7021,0103BB,0.14166757970855695
7023,0103BR,0.18336512351908094
7058,0103KO,0.027796636219122116
7093,0104BR,0.23387045756770125
7112,0104KO,0.07660698427834312
7147,0105BB,0.16037824178770624
7158,0105BR,0.05857220078073728
7193,0105KO,0.26352733739086526
7228,0106BB,0.1349424779615255
7263,0106BR,0.04897144673360925
7268,0106KO,0.2643287619203201
7303,0107BB,0.06447069869337295
7305,0107BR,0.13776882610942529
7307,0107KO,0.22953026119426786
7342,0108BB,0.10852472584316158
7344,0108BR,0.06384078124850648
7379,0108KO,0.12584836252575796
7389,0109BB,0.059968146250259736
7391,0109BR,0.05985886437930599
7426,0110BB,0.162327440325011
7450,0110BR,0.10486465849808725
7485,0110KO,0.19288291123363913
7520,0111BB,0.15959298250286527
7542,0111BR,0.02218455481242846
7547,0111KO,0.2562627946942346
7582,0112BB,0.05115276798293073
7617,0112BR,0.05442110268962431
7628,0112KO,0.09423094616582235
7663,0113BB,0.006015837040767777
7665,0113BR,0.0035211267605633682
7667,0113KO,0.457040488803946
7673,0114BB,0.13625050109789427
7708,0114BR,0.2767017560492173
7743,0115BB,0.0029798929553016417
7745,0115BR,0.04423062889498258
7780,0115KO,0.05718372928712039
7815,0116BB,0.9741715488001741
7817,0116BR,0.29746299947619315
7852,0117BB,0.38799733663702674
7863,0117BR,0.08110072120333807
7898,0118BB,0.023267845176474553
7933,0118BR,0.030100334448160505
7935,0118KO,0.04503760454997491
7970,0119BB,0.23428659818452313
7981,0119BR,0.015056510960298426
7986,0120BB,0.08185413409362642
7988,0120BR,0.19206176597801733
8023,0120KO,0.16905727602976456
8054,0121BR,0.4537438708815972
8065,0122BB,0.19697643713530388
8100,0122BR,0.07530194921038023
8135,0123BB,0.12059352774745027
8156,0123BR,0.15143907506520587
8159,0124BB,0.7477991006396859
8161,0124BR,0.0991792328761888
8172,0125BB,0.20286597112731952
8207,0125BR,0.007847598480612335
8209,0125KO,0.07300273474966074
8244,0126BR,0.0210352678145407
8246,0126KO,0.1110387910372294
8281,0127BB,0.011343848793765095
8283,0127BR,0.26843875291955677
8287,0128BB,0.4914912453275624
8289,0128BR,0.028607834103030506
8324,0128KO,0.32760780103775267
8326,0129BB,0.14020799870867756
8361,0129BR,0.05214333748587454
8396,0129KO,0.10904737863350135
8431,0130BB,0.7024285478275235
8433,0130BR,0.07856914978685714
8468,0130KO,0.08355934334523014
8495,0131BB,0.0632213788083602
8497,0131BR,0.11832952637367017
8532,0131KO,0.06431897358057613
8567,1123BB,0.0
8569,0132BR,0.0076369190486580436
8571,0132KO,0.10611825611844146
8606,0133BB,0.05691446723777958
8627,0133BR,0.02876282501048488
8662,0134BB,0.050423507967973805
8697,0134BR,0.005575158483245959
8700,0134KO,0.05685535293046485
8735,0135BB,0.06760460413675524
8756,0135KO,0.015112340227597103
8791,0136BB,0.08620643395669556
8793,0136BR,0.05454484798186922
8796,0136KO,0.025327142086934484
8831,0137BB,0.028670782016979816
8855,0137BR,0.011314527590298698
8858,0137KO,0.031214661399630587
8893,0138BB,0.013455108864062712
8895,0138BR,0.0649246960318808
8930,0138KO,0.004890495428449874
8932,0139BB,0.14093212200977454
8956,0139BR,0.08098028491022628
8967,0139KO,0.09354672274865763
9002,0140BB,0.09073170731707329
9004,0140BR,0.20673018220292116
9007,0140KO,0.09772399633043555
9009,0141BB,0.14589774661142194
9044,0141BR,0.026016276813366417
9047,0141KO,0.02355726853212116
9049,0142BB,0.0006009214128329437
9051,0142BR,0.04207409362899871
9054,0143BB,0.7045589075076456
9057,0143BR,0.009349637871219398
9060,0143KO,0.03610015444074252
9084,0144BB,0.05356012092840041
9119,0144BR,0.021046668700161277
9121,0144KO,0.033361329176799986
9156,0145BB,0.2502858988742614
9191,0145BR,0.19660642916056542
9202,0146BB,0.044429079585962955
9237,0146BR,0.040186520862718726
9240,0146KO,0.03255392288789903
9275,0147BR,0.08232207281075758
9277,0147KO,0.042707064684128625
9312,0148BB,0.0003110849953337128
9314,0148BR,0.09642213270166729
9349,0149BB,0.0903229050424279
9362,0149BR,0.18139706719778886
9398,0150BB,0.051780674145389075
9409,0150BR,0.032460081938570584
9413,0150KO,0.05264017013545923
9448,0151BB,0.25493959583726783
9483,0151BR,0.3198763193854912
9486,0151KO,0.028759914016751903
9488,0152BB,0.04182139918079841
9509,0152BR,0.08043430233313784
9544,0152KO,0.1035258406183989
9579,0153BB,0.04242171224142263
9614,0153BR,0.20087987695714696
9617,0153KO,0.10979421658317634
9652,0154BB,0.029124013090297874
9687,0154BR,0.15965770203451543
9722,0154KO,0.10239151022638823
9757,0155BB,0.06983978896791385
9781,0155BR,0.05931024961071582
9816,0155KO,0.041892261023959876
9851,0156BB,0.20127509771284077
9886,0156BR,0.165609896309506
9921,0156KO,0.18302242683014713
9956,0157BB,0.021637977071993327
9991,0157BR,0.01605654437822952
9993,0157KO,0.032301973926826905
10028,0158BB,0.0822479397359974
10063,0158BR,0.11706171052689879
10098,0158KO,0.17535536483131361
10133,0159BR,0.10603361835942236
10168,0159KO,0.10211259080375924
10170,0160BR,0.09481624606635113
10205,0160KO,0.06753493550133649
10240,0161BB,0.0010126069566097557
10242,0161BR,0.1025780121372805
10263,0161KO,0.26918850828344154
10298,0162BB,0.06527204470130468
10333,0162BR,0.07025802514657763
10368,0162KO,0.11604995305529472
10391,0163BR,0.00014545454545453554
10393,0163KO,0.11221449851042707
10395,0164BB,0.49474618913719104
10397,0164BR,0.14498995653917596
10400,0165BB,0.12415235298872046
10435,0165BR,0.10740938278304678
10468,0166BB,0.07024963322728084
10503,0166BR,0.036004132138351894
10514,0166KO,0.24882880001818866
10549,0167BB,0.03225584702261608
10584,0167BR,0.21896602573903348
10587,0167KO,0.02362377760685644
10589,0168BB,0.06624576872211732
10624,0168BR,0.18161936449992205
10627,0168KO,0.047653256704980905
10629,0169BB,0.06308927643933451
10642,0268BR,0.5774655288839139
10646,0169BR,0.03146920068690066
10649,0169KO,0.03644314812809315
10676,0170BB,0.1274073705921821
10678,0170BR,0.00408160226477002
10681,0170KO,0.0792203882331929
10705,0171BB,0.008371505291423125
10707,0171BR,0.11567937205007266
10742,0171KO,0.09017910111809617
10777,0172BB,0.02800424443524605
10812,0172BR,0.02981500622553623
10815,0172KO,0.018727946470390423
10850,0173BB,0.05542812140775683
10885,0173BR,0.02567203042000829
10920,0173KO,0.00026367563839938343
10922,0174BR,0.1260556878928509
10925,0174KO,0.06139538640992384
10952,0175BB,0.015504105335887947
10987,0175BR,0.04458139339987507
10991,0175KO,0.10031892994703749
11018,0176BB,0.2387784373533883
11053,0176BR,0.13169026852217555
11056,0176KO,0.0188817079961426
11075,0177BB,0.024493693687409904
11110,0177BR,0.24815283372378483
11113,0177KO,0.11307752949057055
11148,0178BB,0.0012184508268059328
11150,0178BR,0.049819251531353595
11185,0178KO,0.7071806630649351
11188,0179BB,0.08384105906364887
11223,0179BR,0.04257666101450307
11226,0179KO,0.008350384338881774
11228,0180BB,0.0012280228831580626
11230,0180BR,0.3040857198300558
11265,0180KO,0.21575216872512462
11296,0181BB,0.042789444861441636
11331,0181BR,0.04179470328675061
11366,0181KO,0.08030769589493657
11401,0182BB,0.07368469212897
11420,0182BR,0.09033465507789479
11455,0183BB,0.019483166701837046
11457,0183BR,0.017951315140310543
11460,0184BR,0.061032550169113
11495,0184KO,0.06999379276712883
11500,0185BB,0.036249582545862434
11524,0185BR,0.07293780056862438
11535,0185KO,0.14546239292558136
11566,0186BB,0.008740117501994637
11568,0186BR,0.39435961599372293
11601,0186KO,0.01293017808740674
11636,0187BB,0.05013611615245009
11638,0187BR,0.023874837882110957
11673,0188BB,0.07267939939582958
11708,0188BR,0.038730147430492495
11719,0188KO,0.213999394406799
11754,0189BB,0.03999343921707995
11756,0189BR,0.03052107499794429
11767,0190BB,0.044365208340987686
11788,0190BR,0.2666005025552537
11823,0190KO,0.10069619984237006
11858,0191BB,0.0015101424431655664
11860,0191BR,0.12019382847902406
11895,0192BR,0.06703639805158663
11905,0192KO,0.0916974787388896
11940,0193BB,0.2131378968897225
11975,0193BR,0.011265262480210163
11978,0193KO,0.19597603581851636
12013,0194BB,0.08208166185748013
12037,0194BR,0.07420898119993735
12072,0194KO,0.7073677182427788
12075,0195BB,0.014812081598228874
12077,0195BR,0.08275487582185444
12086,0195KO,
12120,0196BB,0.02857204353150157
12144,0196BR,0.09375280583141464
12179,0197BR,0.05066404400366893
12214,0197KO,0.13382229049600552
12249,0198BB,0.048783489188513614
12284,0199BB,0.06247688185004039
12319,0199KO,0.09861847343688646
12329,0200BB,0.003363024904562854
12331,0200KO,0.05903993462516965
12366,0331BB,0.014074291155931761
12401,0201BR,0.09994622844422063
12414,0201KO,0.0768381154551935
12449,0202BR,0.06947059669095623
12484,0202KO,0.07463175326015817
12519,0203BR,0.08387129756221756
12554,0203KO,0.022194010059373576
12585,0204BB,0.25851120127006527
12587,0204BR,0.0382166878296912
12622,0204KO,0.08285754276163763
12646,0205BR,0.05610226871196415
12657,0205KO,0.05657814956123114
12692,0206BR,0.03497523747625153
12695,0206KO,0.09154066627785995
12726,0207BB,0.036364817864685886
12761,0207BR,0.1903232366570464
12769,0207KO,0.040600547506636324
12804,0531BB,0.11019378511638575
12806,0208BR,0.0
12807,0209BB,0.03267994896856214
12820,0209BR,0.039129739485275566
12826,0209KO,0.06764070115496867
12861,0210BR,0.08825921644787818
12864,0210KO,0.148875640289512
12899,0211BB,0.18892885517759528
12934,0211BR,0.080375560909902
12944,0211KO,0.19934455158505082
12946,0212BB,0.02466129832127937
12959,0212BR,0.3321176677485639
12962,0212KO,0.10696796680496332
12993,0213BB,0.025682652318000942
13028,0213BR,0.2829298039218676
13031,0213KO,0.07931841279868737
13062,0214BB,0.10877962385088975
13064,0214BR,0.0049423393739703595
13066,0214KO,0.11136807419997816
13101,0215BB,0.011932246782636496
13103,0215BR,0.03754736169404057
13138,0215KO,0.02964665763847634
13173,0216BR,0.0173047754538043
13176,0216KO,0.09358778714309175
13211,0217BB,0.5043785254864737
13219,0217BR,0.15425433423586998
13222,0217KO,0.06244791930641999
13253,0218BB,0.1265644426598147
13288,0218BR,0.05282820310444622
13290,0218KO,0.07203746959375643
13325,0219BB,0.006630938323190152
13327,0219BR,0.06202673366395132
13338,0219KO,0.056021454629034746
13373,0220BB,0.05339638601728107
13408,0220BR,0.05802934904174135
13443,0220KO,0.0
13444,0221BR,0.023557876370300868
13479,0221KO,0.2375838850201911
13489,0222BB,0.05667312372721403
13491,0222BR,0.22835526549904822
13494,0222KO,0.00576951526209385
13496,0223BR,0.007771992424868548
13499,0223KO,0.26107592757833603
13534,0224BB,0.011974471467953994
13569,0224BR,0.09781947066879929
13572,0224KO,0.07337856785861063
13607,0225BB,0.056502468360709254
13642,0225BR,0.033886695778932135
13645,0225KO,0.06478642367862376
13649,0226BB,0.05450296268634031
13684,0226BR,0.01981743543945725
13687,0226KO,0.06650060855236374
13722,0227BB,0.4444395930664105
13724,0227BR,0.08206056084111119
13727,0227KO,0.08554477740546164
13762,0228BB,0.05555260031561965
13764,0228BR,0.16276680698215876
13799,0228KO,0.06940952003009536
13834,0229BB,0.09637872500943032
13836,0229BR,0.17515387711734196
13839,0229KO,0.04952009052121592
13874,0230BB,0.06133770028896075
13909,0230KO,0.07247101447523947
13944,0231BB,0.010287281871523333
13946,0231BR,0.07407966182808394
13981,0231KO,0.4067391256196192
14016,0232BB,0.06224109596038655
14051,0232BR,0.3146907017949311
14053,0232KO,0.07061818121163528
14088,0233BB,0.005267352808677297
14090,0233BR,0.09298622149583213
14125,0233KO,0.0016303082058846056
14127,0234BB,0.1465605632099543
14162,0234BR,0.029829250327486883
14165,0234KO,0.048703508880500034
14167,0235BB,0.03443568397214195
14191,0235BR,0.07266793843812615
14202,0235KO,0.053164492408480785
14237,0236BB,0.0028874883872749947
14239,0236BR,0.04283659466241026
14274,0236KO,0.1420925851892528
14309,0237BB,0.31954498448810753
14311,0237BR,0.4999004197893631
14316,0237KO,0.26203421741346655
14326,0238BB,0.35367292561350755
14338,0238BR,0.15575808303137076
14372,0238KO,0.10070481164806697
14407,0239BB,0.1841646490705486
14442,0239BR,0.03572052824550189
14477,0239KO,0.14964772455931613
14512,0240BB,0.5033366152499726
14514,0240BR,0.04300792896980849
14517,0240KO,0.0883042099199114
14546,0241BR,0.07074884549070709
14581,0241KO,0.19964239048208512
14583,0242BB,0.09133928271909485
14618,0242BR,0.2890506191160584
14622,0242KO,0.11390323583755552
14657,0243BB,0.5485710452166913
14659,0243BR,0.10970722118116555
14670,0243KO,0.2605377332469444
14705,0244BB,0.004709450830140495
14707,0244BR,0.07821401375110344
14742,0245BB,0.05723958206203918
14777,0245BR,0.07814372347846277
14780,0245KO,0.13150481992484384
14785,0246BB,0.0006729886815540094
14787,0246BR,0.058276871373065454
14822,0246KO,0.022368063886497723
14857,0247BB,0.24462073230546136
14859,0247BR,0.05041947534564846
14894,0247KO,0.14287155784250988
14929,0248BB,0.35256488890591925
14936,0248BR,0.23239538314670988
14939,0248KO,0.10440932449807233
14974,0249BB,0.15180485344014746
15009,0249KO,0.12034790783842442
15019,0250BB,0.04240085762430687
15054,0250BR,0.31698838586747974
15064,0250KO,0.1023914468858072
15075,0251BB,0.04495156187440381
15110,0251BR,0.35986589177566913
15113,0251KO,0.18251357234228488
15148,0252BB,0.09158594754667417
15183,0252KO,0.09037742658492172
15218,0253BB,0.02974714466785655
15253,0253BR,0.05092040157791758
15288,0253KO,0.1680818812266629
15323,0254BB,0.41393888655378214
15358,0254BR,0.12835645142781008
15392,0254KO,0.06071060781866628
15416,0255BB,0.11306605368933902
15451,0255BR,0.01558575822784779
15454,0255KO,0.1008334739256842
15489,0256BB,0.028816270986961854
15491,0256BR,0.04104409852053749
15495,0256KO,0.06520420907723337
15530,0257BB,0.056056353233293756
15532,0257KO,0.16747327900178088
15543,0258BB,0.06327222037969248
15578,0258BR,0.06620940235193878
15613,0258KO,0.18096041076927755
15648,0259BB,0.0700683910081824
15683,0259BR,0.15166827393583743
15717,0260BB,0.24660583180014514
15740,0260BR,0.12643591489956277
15764,0260KO,0.05889750895241369
15799,0261BB,0.0
15801,0261BR,0.11149517774402495
15836,0261KO,0.09282038796456707
15871,0262BB,0.05773576765390382
15895,0262BR,0.0233718921429608
15898,0262KO,0.0646799819654159
15933,0263BB,0.07081707949685627
15968,0263BR,0.0661381420278613
15971,0263KO,0.09498677767257695
16006,0264BB,0.06661188033532904
16041,0264BR,0.008175514850460525
16043,0264KO,0.08929603848471344
16054,0265BB,0.038594452555366116
16089,0265BR,0.0
16090,0265KO,0.039028501246740344
16125,0266BB,0.25776653330195337
16127,0266BR,0.09983585521236285
16162,0266KO,0.04228040746898074
16197,0267BB,0.041145758908938165
16232,0267BR,0.002684597435833102
16234,0267KO,0.08451936592259884
16269,0268BB,0.14257797802960448
16304,0268KO,0.04136804262895954
16339,0269BB,0.20906761859047737
16374,0269BR,0.3931684795300404
16377,0269KO,0.058143242373963386
16412,0270BB,0.07803657140811227
16447,0270BR,0.10721390925994889
16482,0270KO,0.0441417117870268
16517,0271BB,0.0675638356190457
16552,0271BR,0.013167013167013145
16554,0271KO,0.181897975690696
16589,0272BB,0.195180827124224
16624,0272BR,0.7294671923742057
16627,0272KO,0.028392932462347933
16662,0273BB,0.09039744545008317
16697,0273BR,0.08217753887593554
16732,0273KO,0.2174048495654119
16767,0274BB,0.09404202854006123
16802,0274BR,0.05442523435520203
16837,0274KO,0.05556163211745509
16872,0275BB,0.014259939816018165
16907,0275BR,0.06720819814140555
16942,0275KO,0.10877360132463444
16977,0276BB,0.0504400108378654
16998,0276BR,0.017357711970789096
17001,0276KO,0.13902236249339298
17036,0277BB,0.03352412101390026
17038,0277BR,0.0955832627343733
17073,0277KO,0.2649346412769354
17108,0278BB,0.20556422150622
17143,0278BR,0.045967343559055816
17148,0278KO,0.060909974640457214
17183,0279BB,0.03951359237381479
17218,0279BR,0.08960375956561582
17221,0279KO,0.03478972626772879
17256,0280BB,0.36335949628725506
17291,0280BR,0.044159337041245084
17311,0280KO,0.03914499886169042
17346,0281BB,0.03942317051259419
17367,0281BR,0.12389923044305176
17402,0281KO,0.1867302227218745
17437,0282BB,0.1663037419982265
17461,0282BR,0.00528476589797344
17463,0282KO,0.17828469640260924
17494,0283BB,0.1456153091795404
17529,0283BR,0.01130890592905284
17532,0283KO,0.06697295295337466
17567,0284BB,0.029339780852364758
17602,0284BR,0.15137540953447
17637,0284KO,0.18487812272331283
17672,0285BB,0.08721173073267101
17707,0285BR,0.014560409550002781
17710,0285KO,0.06854493529716944
17745,0286BB,0.002161654135338369
17747,0286BR,0.051584658114577846
17750,0286KO,0.2939678222248862
17785,0287BB,0.06901001889329358
17820,0287BR,0.03544079561298189
17823,0287KO,0.15266878782251986
17858,0288BB,0.027994722014193486
17860,0288BR,0.0680831334624001
17869,0288KO,0.02475741608719656
17904,0289BB,0.06800614991214311
17928,0289KO,0.07989437631342025
17963,0290BB,0.06625324458653867
17998,0290BR,0.07011932967481313
18033,0290KO,0.017908722654072888
18057,0291BB,0.12785679453560947
18092,0292BB,0.0162035956105534
18094,0292BR,0.06750497502844148
18098,0292KO,0.06754241806216016
18133,0293BB,0.33716953834012897
18135,0293BR,0.10721193007899096
18139,0293KO,0.09077246930984645
18174,0294BB,0.05908605859947395
18209,0294BR,0.06220407173814653
18244,0294KO,0.2963557470805221
18279,0295BB,0.6763677878539874
18284,0295BR,0.05424343326690643
18319,0295KO,0.1192121607235573
18354,0296BB,0.06905632498807916
18378,0296BR,0.014434237018740737
18381,0296KO,0.038766734302933537
18416,0297BB,0.129646260831516
18451,0297BR,0.053947387886869605
18454,0297KO,0.14527524313328016
18489,0298BB,0.34850205572214843
18516,0298BR,0.0952212017683289
18527,0298KO,0.07279000909077042
18562,0299BB,0.07012446333318877
18564,0299BR,0.05765024605193827
18599,0299KO,0.05681175303401965
18634,0300BB,0.09713329661997055
18669,0300BR,0.022731506843084726
18704,0300KO,0.14578453381097506
18739,0301BB,0.10603536226687786
18760,0301BR,0.04946250215942085
18764,0301KO,0.09042165990850493
18799,0302BB,0.14607449856733526
18801,0302BR,0.11224482616965378
18804,0303BB,0.1535296320073158
18839,0303BR,0.1022248443685838
18850,0303KO,0.026528537331860107
18885,0304BB,0.17651997975449019
18909,0304BR,0.05542790920418598
18944,0304KO,0.09228068630327355
18973,0305BB,0.010410807751923852
18984,0305KO,0.21802692014122851
19019,0306KO,0.013441090469181398
19054,0307BR,0.015137062672761697
19057,0307KO,0.02478352909758001
19088,0308BB,0.022067186692589967
19123,0308BR,0.044881452420426106
19126,0308KO,0.3340511023362828
19161,0309BB,0.015730094496898273
19196,0309BR,0.06412999754343539
19231,0309KO,0.06216960718124909
19266,0310BB,0.11473535265044481
19301,0310BR,0.24681453487818472
19336,0310KO,0.1304418332234539
19367,0311BB,0.11627816579926273
19402,0311BR,0.015739519504155416
19405,0311KO,0.1044761963962829
19440,0312BB,0.02325646513247989
19464,0312BR,0.004818002818323444
19467,0312KO,0.033659556572755454
19502,0313BB,0.011121589780441235
19537,0313BR,0.06677297006240908
19541,0313KO,0.3020208633027375
19576,0314BB,0.03635343097369302
19611,0314BR,0.06084606433692426
19613,0314KO,0.14625861083450395
19648,0315BB,0.12166885102664922
19650,0315BR,0.12006747846632293
19653,0315KO,0.25188822051072474
19688,0316BR,0.12544906504753034
19723,0316KO,0.16814321765694562
19758,0317BB,0.20435616113512065
19782,0317BR,0.07458873737957182
19785,0317KO,0.19772758548099847
19820,0318BB,0.28305790869759845
19855,0318BR,0.15175582936754212
19890,0318KO,0.2599190208602153
19925,0319BB,0.10134535162730765
19960,0319BR,0.061052065338348484
19994,0319KO,0.13517220068880478
20029,0320BB,0.010864528088151979
20031,0320BR,0.10031096435037824
20066,0320KO,0.040587922493067516
20101,0321BB,0.028116921693261604
20125,0321BR,0.019618638598626212
20128,0321KO,0.03610485075190558
20163,0322BB,0.08345425456710198
20165,0322BR,0.012014373058949562
20168,0322KO,0.02456483261059172
20199,0323BB,0.07652603115673666
20223,0323BR,0.20977494577449707
20258,0323KO,0.011283876915588175
20293,0324BB,0.06777000337458526
20328,0324BR,0.060241420619276904
20331,0324KO,0.04356509016170371
20358,0325BB,0.3030626301759822
20382,0325BR,0.09396399894424931
20385,0325KO,0.028630992071123827
20420,0326BB,0.006264791869692307
20422,0326BR,0.03740865165854113
20457,0326KO,0.053165453307523244
20492,0327BB,0.004602301150575304
20494,0327BR,0.0075307173999207165
20496,0327KO,0.20411689151146453
20531,0328BB,0.031755100365396034
20566,0328BR,0.01325128260423053
20569,0328KO,0.09694667730222012
20604,0329BB,0.6034994655793515
20606,0329BR,0.04852174976444709
20641,0329KO,0.02570772675952628
20676,0330BB,0.21853107868729887
20711,0330BR,0.0585395802710357
20714,0330KO,0.025155286964263543
20749,0331BR,0.13591859674031997
20751,0331KO,0.05959850715565786
20786,0332BB,0.07160300824287301
20797,0332BR,0.2629329273648154
20799,0332KO,0.15659754437949147
20834,0333BB,0.13339985146873773
20869,0333BR,0.11161537777185435
20904,0333KO,0.18213890945827083
20939,0334BR,0.10821321910085478
20942,0334KO,0.22137179534314233
20977,0335BB,0.05351041335122684
21012,0335BR,0.09012888856564195
21047,0335KO,0.07453748933694089
21082,0336BB,0.14599912549191077
21084,0336BR,0.07038923095962459
21119,0336KO,0.036650770768548904
21154,0337BB,0.11753258670181496
21189,0337BR,0.004690891269341044
21191,0337KO,0.08295282001937258
21226,0338BB,0.07120601590286314
21261,0338BR,0.04256128408982716
21296,0338KO,0.001022238509460568
21298,0339BB,0.03656389789322534
21319,0339BR,0.3547578487826048
21321,0339KO,0.03981642087114829
21356,0340BB,0.1305909765366799
21380,0340KO,0.10107753046153684
21415,0341BB,0.03676323128555611
21439,0341BR,0.16043517577424637
21442,0341KO,0.1846668097550497
21453,0342BB,0.2542859184293018
21488,0342BR,0.009093434505123664
21491,0342KO,0.04896789381947698
21526,0343BB,0.0571230348752757
21547,0343BR,0.12803891315068816
21582,0343KO,0.10516318112632893
21617,0344BB,0.05010846060777705
21652,0344BR,0.07811518834497407
21687,0344KO,0.11457357125897116
21722,0345BB,0.3863617440970376
21757,0345BR,0.07972790098814864
21792,0345KO,0.08354804368531353
21827,0346BB,0.18047696607784847
21862,0346BR,0.004296502039753492
21864,0346KO,0.08880185818890116
21899,0347BB,0.01568011884307933
21934,0347BR,0.06806510868978126
21969,0347KO,0.06457595249198082
22004,0348BB,0.0032047060889416
22006,0348BR,0.03106951108499834
22041,0348KO,0.05324699221310736
22076,0349BB,0.1250681657435107
22111,0349BR,0.03611039325798709
22114,0349KO,0.04060467224346732
22149,0350BB,0.029288477046402295
22184,0350BR,0.08121947781869363
22219,0350KO,0.1260715132648793
22254,0351BB,0.011681700065923648
22289,0351BR,0.06606933476408426
22324,0351KO,0.12310151681048627
22359,0352BB,0.010961482410830762
22394,0352BR,0.03829992213018442
22429,0352KO,0.04131360296261873
22464,0353BB,0.07534532680412297
22499,0353BR,0.0865755305411273
22534,0353KO,0.017572195368924657
22569,0354KO,0.2612516207786888
22604,0355BB,0.05056557485751404
22639,0355BR,0.05692879638200843
22642,0355KO,0.03924926429877054
22677,0356BB,0.16209687461088285
22679,0356BR,0.01983921472230309
22714,0356KO,0.42462550733374743
22749,0357BB,0.10587039768009614
22751,0357BR,0.4530092234564477
22757,0357KO,0.07793997796700294
22792,0358BB,0.001991876269332872
22794,0358BR,0.013629185179948473
22829,0358KO,0.07885472404557506
22864,0359BB,0.2072461603375518
22875,0359BR,0.014773836068411428
22878,0359KO,0.05703079896910723
22913,0360BB,0.1924564016024014
22926,0360BR,0.04043626875613327
22961,0360KO,0.08080079313395067
22996,0361BB,0.07406227991890459
23031,0361BR,0.01574164924704576
23033,0361KO,0.07842321779867505
23068,0362BB,0.07281419509055805
23070,0362BR,0.028531877259094028
23072,0362KO,0.011620838845782524
23074,0363BB,0.3563142920231803
23109,0363BR,0.0069468299201776215
23112,0364BB,0.019373437527314137
23147,0364BR,0.14812473654994116
23150,0364KO,0.0700573083545782
23181,0365BB,0.17005811863484133
23216,0365BR,0.24080449356767525
23218,0365KO,0.18349460810584625
23253,0366BB,0.04354615586039914
23274,0366KO,0.21390145320624948
23309,0367BB,0.0007241566592239819
23311,0367BR,0.0670914338615695
23313,0368BB,0.12969731979314253
23348,0368BR,0.0015247222827270458
23350,0368KO,0.026421325181787345
23385,0369BB,0.3634233831500201
23420,0369BR,0.02893904813924663
23455,0369KO,0.044009461234821405
23490,0370BB,0.15320554586772367
23514,0370BR,0.29356176414508783
23526,0370KO,0.03321597820880877
23561,0371BB,0.14522222389465203
23596,0371BR,0.14190463736778455
23631,0371KO,0.07792887446099386
23666,0372BB,0.07160091872388463
23685,0372BR,0.093098772878557
23688,0372KO,0.11528282994454482
23699,0373BB,0.037257081897535044
23734,0373BR,0.051700915085106436
23737,0373KO,0.060492484621698706
23772,0374BB,0.01509948214772414
23774,0374BR,0.2346518495492695
23776,0375BB,0.09774898848367121
23811,0375BR,0.07840133659751332
23845,0375KO,0.08440434093403248
23847,0376BB,0.12274762660763282
23882,0376BR,0.2124650230879899
23885,0376KO,0.06782066134716272
23920,0377BB,0.020974609704529832
23955,0377BR,0.2809647019341758
23958,0377KO,0.03017047750306246
23993,0378BB,0.0904771193131781
24014,0378BR,0.19957886128568636
24049,0378KO,0.13532554639909727
24084,0379BB,0.0664702792122414
24119,0380BB,0.0016597668695270372
24121,0380BR,0.15423233833320735
24156,0380KO,0.0412369226625934
24187,0381BR,0.3239805793369734
24190,0381KO,0.029842008591062764
24225,0382BB,0.09821304652022537
24260,0382BR,0.07417824090654387
24269,0382KO,0.2033521861847972
24298,0383BB,0.10876809736545406
24322,0384BB,0.02416890481600414
24335,0384BR,0.15510165573847828
24337,0384KO,0.09017373473874335
24372,0385BB,0.09534211174009351
24374,0385BR,0.21759258749867885
24377,0385KO,0.14422610783165898
24412,0386BB,0.09246042849090373
24447,0386BR,0.2481186264865825
24450,0386KO,0.6406820576389387
24485,0387KO,0.04822605581731818
24520,0388BB,0.02479312539783582
24522,0388BR,0.24073875383151874
24525,0388KO,0.0867747421368355
24560,0389BB,0.022976686576416938
24595,0389BR,0.03832192634874898
24597,0389KO,0.02791188339326204
24632,0390BB,0.022018978168786774
24667,0390BR,0.10775626191238531
24670,0390KO,0.07674669794643639
24705,0391BB,0.05932421768494855
24724,0391BR,0.22571114544318496
24727,0391KO,0.2023356522924457
24762,0392BB,0.03045785535509852
24797,0392BR,0.13128711212871613
24800,0392KO,0.10367482772123342
24835,0393BB,0.0583034900545378
24870,0393BR,0.08413325992408778
24873,0393KO,0.1776559565022243
24908,0394BB,0.18596977342884866
24943,0394BR,0.04035467159554591
24978,0394KO,0.13864135113757475
25013,0395BB,0.08788214186611096
25048,0395BR,0.18250206950046158
25051,0395KO,0.03549200470301394
25086,0396BR,0.02771086539839815
25121,0396KO,0.04970649448749781
25156,0397BR,0.022197611710323514
25158,0398BB,0.23094688714188302
25193,0399BB,0.0838486164101215
25195,0399BR,0.009699598231546458
25197,0400BB,0.03774997272643551
25232,0400BR,0.07199343488186505
25267,0401BB,0.15965526962898383
25302,0401BR,0.01718449956868884
25305,0402BB,0.04977723060248504
25340,0402BR,0.06843022032179566
25343,0403BB,0.41442949932838985
25345,0403BR,0.2252438788582124
25380,0404BB,0.5332286068623397
25382,0405BB,0.19351124155940794
25417,0405BR,0.055690376479859575
25420,0406BB,0.5724747606842078
25422,0406BR,0.0022179379159598975
25425,0407BB,0.1258072336993639
25460,0407BR,0.0833704140648923
25463,0408BB,0.02733165813299546
25482,0408BR,0.01929317908032394
25485,0409BB,0.11498103342894267
25520,0409BR,0.2186572713229515
25555,0410BB,0.07896932515337421
25557,0410BR,0.05244816254602199
25560,0411BB,0.15028837328320854
25595,0411BR,0.23552782794286656
25597,0412BR,0.1429059150379386
25601,0413BB,0.04573220546896544
25636,0413BR,0.012788619880172419
25638,0414BB,0.061722346643531316
25662,0414BR,0.023193143970660343
25665,0415BB,0.18817009974398635
25700,0415BR,0.1518247059045097
25735,0416BB,0.26809757486300456
25745,0416BR,0.07285416030186123
25780,0417BR,0.06521471511822448
25815,0418BB,0.06171377746701153
25850,0418BR,0.04338952269909672
25885,0419BB,0.26056062216751524
25887,0419BR,0.06420710873944806
25922,0420BR,0.12139922194244279
25926,0421BB,0.10210379296199805
25961,0422BB,0.04271272620633428
25964,0422BR,0.07790234069335797
25999,0423BB,0.16607894036652682
26032,0423BR,0.055132896809917446
26067,0424BB,0.05368768553948741
26102,0425BB,0.043929024985801146
26137,0425BR,0.17869860358925133
26148,0426BB,0.22932127111937928
26183,0426BR,0.07745568539732917
26218,0427BB,0.24629816648001918
26253,0427BR,0.08560127914054345
26288,0428BR,0.058904740364058655
26323,0429BR,0.016228627001684676
26325,0431BR,0.023457666965618334
26328,0432BR,0.03419306235458848
26363,0433BR,0.07176314243837517
26398,0434BR,0.3844217161579316
26401,0435BR,0.08796442764831568
26403,0436BR,0.2523941151734528
26438,0437BR,0.056878007758948315
26473,0438BR,0.013442567287322805
26476,0439BR,0.09444652721901159
26479,0440BR,0.1637905767488094
26514,0441BR,0.057524025475580276
26549,0442BR,0.036096294291008316
26584,0443BR,0.07322371352875089
26587,0444BR,0.22167672058825263
26622,0445BR,0.020390834624598873
26625,0446BR,0.05104700568540115
26628,0447BR,0.0031742156024904874
26630,0448BR,0.03156463308497159
26633,0449BR,0.038739452774358
26668,0450BR,0.07205626022702356
26703,0453BR,0.0886906615186327
26713,0454BR,0.07637150929193509
26748,0456BR,0.06537276636763105
26783,0457BR,0.025948968344506173
26786,0459BR,0.10801439379311799
26789,0460BR,0.002300179501121291
26792,0461BR,0.02994824236330997
26827,0462BR,0.10611112168930349
26862,0463BR,0.20277349189512003
26865,0464BR,0.3734582624506634
26869,0465BR,0.16198937070176403
26904,0466BR,0.2932573497581752
26939,0467BR,0.09424213432266977
26974,0468BR,0.257673691735936
27009,0469BR,0.17190505646561005
27044,0470BR,0.031198919599938355
27047,0471BR,0.3224509386202839
27051,0472BR,0.0653277135183903
27055,0473BR,0.15735582645259538
27058,0474BR,0.020022856462487817
27061,0475BR,0.10805003865249206
27096,0476BR,0.03172553721294836
27098,0477BR,0.10490818600767636
27133,0478BR,0.00650647123722475
27136,0479BR,0.017516402411843098
27139,0480BR,0.24810251956637103
27174,0481BR,0.018117418006147107
27177,0482BR,0.0698695296478952
27180,0483BR,0.012364257667782175
27183,0484BR,0.07058404926681548
27186,0485BR,0.27105976941156845
27189,0486BR,0.019708126451837994
27192,0487BR,0.02793272968221727
27227,0488BR,0.14470345880851482
27262,0489BR,0.0
27263,0490BR,0.05166647794131684
27266,0491BR,0.03221110221848476
27269,0492BR,0.1902766092994905
27272,0493BR,0.017865694430352637
27275,0494BR,0.002382908367472011
27278,0495BR,0.12143569628882238
27313,0496BR,0.02118942432084806
27316,0497BR,0.06004578270822335
27318,0498BR,0.09757341649003068
27323,0499BR,0.08253505000602142
27358,0701KO,0.07314591018954326
27360,0703BR,0.6647036709667803
27363,0705BR,0.2846143175183835
27374,0710BR,0.00808187288619493
27376,0711BR,0.18217462455238814
27380,0712BR,0.48030616500273615
27385,0714BR,0.38054915974807624
27388,0715BR,0.07324352848017915
27392,0717BR,0.14064463849548714
27395,1001BR,0.06476987134225662
27430,1002BR,0.09202460162514557
27465,1003BR,0.08721244179060639
27500,1004BR,0.021094191259926235
27503,1005BR,0.03543919220802425
27505,1006BR,0.06037749470299976
27540,1007BR,0.07570746829315675
27575,1008BR,0.14303891095720303
27579,1009BR,0.02840462032308386
27582,1010BR,0.03278305394437714
27584,1012BR,0.08231470121454505
27619,1014BR,0.019325528568932295
27621,1016BR,0.02707967567254259
27656,1017BR,0.0999668240001718
27691,1018BR,0.007324040464786582
27693,1019BR,0.0727499201270595
27728,1020BR,0.0630721009441893
27731,1021BR,0.013701763324476457
27734,1022BR,0.0039685951902051
27737,1023BR,0.06360870988672664
27772,1025BR,0.00829235153223933
27775,1026BR,0.15822228112217562
27810,1027BR,0.4213696166672146
27813,1028BR,0.20214654358890993
27816,1029BR,0.02289082710331463
27851,1030BR,0.05515091364624764
27854,1031BR,0.4523320380455964
27857,1033BR,0.013177242450575695
27892,1034BR,0.13013356290250813
27895,1036BR,0.33900470628119767
27899,0036BR,0.06728097377113967
27934,1040BR,0.041021791970526175
27937,1041BR,0.025292251009267786
27940,1044BR,0.011105876018038604
27942,1045BR,0.04031996386780914
27945,1046BR,0.02243416711654977
27947,1047BR,0.013510411962657464
27950,1048BR,0.05008321811739755
27953,1049BR,0.031973768642669924
27956,1050BR,0.3175646416802616
27991,1051BR,0.22890636086337818
27994,1052BR,0.1951977532818248
28029,1053BR,0.030613118130080497
28064,1054BR,0.0547970385649934
28067,1055BR,0.027371683870461114
28070,1056BR,0.13049213895829997
28105,1057BR,0.21232918359312192
28140,1058BR,0.07504674630596879
28143,1059BR,0.07718151405025254
28146,1060BR,0.00918288616406388
28149,1061BR,0.055528487339234135
28184,1062BR,0.029340722931290156
28187,1063BR,0.33008599661280175
28199,1064BR,0.08195362432650567
28201,1065BR,0.021583423463928043
28204,1066BR,0.11891059538489632
28207,1067BR,0.07365836314852961
28210,1068BR,0.14124020104782245
28213,1069BR,0.15141182972987718
28248,1071BR,0.08356470303011333
28259,1074BR,0.07599746414914754
28262,1076BR,0.023162519557466052
28265,1081BR,0.2942392796660029
28300,1082BR,0.2800672390799023
28303,1083BR,0.021509281413247122
28306,1084BR,0.07564601864867633
28341,1085BR,0.11430462722489029
28376,2001BR,0.012101698678805402
28378,0811BB,0.08965459255610092
28389,2006BR,0.1690891339251462
28400,2002KO,0.1541424360837647
28411,2004KO,0.16850416392570056
28446,2012BB,0.045668335609163994
28448,2014BB,0.2098982539881924
28450,2017BB,0.4492376348084791
28452,2019BB,0.1930169658224736
28454,4392KO,0.09484246120892609
28489,2023BB,0.008000000000000023
28491,2025KO,0.20890986806109216
28509,2028BB,0.31399845320959024
28511,2032BB,0.5582329317269075
28513,2037KO,0.061094708153531685
28515,1457BR,0.12388027091981643
28517,2039BB,0.061455820655295576
28552,0478KO,0.09035728246620181
28587,0462BB,0.0074262929309399685
28589,2040KO,0.0014406915319352721
28591,2042KO,0.1926719668164534
28593,2046BB,0.161577929178232
28595,2048KO,0.3023913089353507
28630,2049KO,0.0076632487857528405
28632,2050KO,0.031085991118288272
28634,2054BR,0.007042253521126736
28636,2061BR,0.04983346107726961
28641,1390BR,0.037116203951601597
28645,2074BR,0.01304347826086952
28647,2075BB,0.5450324976787372
28649,2075BR,0.5250938284483397
28654,2076BB,0.02996868942895486
28656,2076BR,0.4547155869326467
28690,2078BB,0.3003809905754963
28692,2084BB,0.11240674141328763
28703,2099BB,0.06609128516659298
28714,2104BB,0.04159943879340574
28716,0442BB,0.03484507795634584
28751,2106BB,0.1244832950062999
28786,2107BB,0.004402515723270576
28788,2108BB,0.007675775253300606
28790,2112BB,0.061336412180689824
28792,2113BB,0.3177673491589478
28816,4396KO,0.14398854484001158
28821,0485BB,0.20709717424665833
28856,4373BB,0.0480700605598743
28891,4391KO,0.07735071521904047
28902,0053BB,0.05101554274127197
28937,4008BR,0.20245600080887485
28971,0383KO,0.08081612138159606
29006,0049BR,0.20019270311469062
29041,0034KO,0.07621416724434552
29076,0043KO,0.14493052780256344
29111,1089BR,0.7193008289448687
29181,4012KO,
29182,0354BR,0.09360061341792672
29205,4362BR,0.10647054113782527
29240,0087BR,0.24685514415014373
29251,4367BR,0.20829351333781812
29287,0126BB,0.06852689760178925
29322,4361BR,0.14331577340393775
29357,4365BR,0.16994755123760633
29392,4366BR,0.0687612622862259
29427,4380BB,0.13476833166584404
29461,4351BR,0.06993155183246037
29496,4376BB,0.43392445197579393
29520,4372BB,0.11580062209684823
29555,0291KO,0.06086681847760285
29590,4060BR,1.0281486191506524
29660,4368BR,0.21502068462886317
29695,4378BB,0.11094331935525523
29730,0999KO,0.07977955408163813
29764,0435BB,0.0491611793588668
29797,0998BR,0.034562871769237086
29832,0399KO,0.09048732655877822
29867,0400KO,0.3584148171417329
29902,2077BR,0.07712418300653595
29904,1078BR,0.18282058568909884
29939,0363KO,0.07389397161751557
29974,0458BR,0.0006096167034976736
29976,0374KO,0.21175930585627534
30011,1024BR,0.17452668624364195
30046,1073BR,0.0043295840028565735
30048,0430BB,0.0786608197491001
30083,0432BB,0.10509298762688792
30118,0436BB,0.06934964781136048
30124,1100BR,0.04497782003739886
30128,1101BR,0.06284360028777664
30134,1086BR,0.06769796668505891
30168,1092BR,0.06086847135437412
30203,1090BR,0.045652427770194154
30238,0033BR,0.06877443958284127
30273,1093BR,0.05495797027212143
30284,1097BR,0.08529351385233615
30319,1088BR,0.10338177819265955
30354,1096BR,0.15408274318166554
30389,1991KO,0.09833520901421165
30424,7224KO,0.0863239573229874
30426,0437BB,0.06355435154487597
30461,0402KO,0.07091373327567736
30496,0403KO,0.0678305022212357
30531,1288BR,0.0560794175701997
30535,1042BR,0.0715899869453643
30570,2037BB,0.5609445845016987
30581,0472BB,0.0
30582,0600BR,0.14760001863994593
30617,0601BR,0.16891535710956518
30652,0602BR,0.046092711010798544
30655,0609BR,0.00040600098809892153
30657,0610BR,0.0030168226210564053
30659,0611BR,0.06260020199040094
30694,0613BR,0.7083151988933872
30697,0614BR,0.21784129049947062
30703,0615BR,0.050601213707221336
30705,0616BR,0.3199381333580642
30708,0620BR,0.22227433151296253
30713,0621BR,0.15699393185000776
30715,0627BR,0.030101042162619735
30717,0628BR,0.09700891407038492
30752,0631BR,0.07773498993706172
30762,0600KO,0.1782053960170117
30773,0617BR,0.754509913059764
30777,0618BR,0.043591615392637416
30779,0623BR,0.26655044108621406
30814,0624BR,0.052999947224384204
30849,0625BR,0.13633864841635812
30860,0367KO,0.033296809222715114
30895,0438BB,0.021641445846824883
30897,0401KO,0.05229686744990984
30932,0500KO,0.05634129376304199
30934,1120BB,0.4651162790697675
30936,0509KO,0.0006161429451632756
30938,0510BB,0.12543611895663734
30940,1107BB,0.49328508802449367
30942,0519BB,0.014343508642883453
30944,1008BB,0.3463191536111296
30979,0524BR,0.05892834462952315
30990,0483BB,0.11119133487126348
31025,1002BB,0.4289886820007302
31027,1010BB,0.08382511580684046
31029,1009BB,0.08240312793021097
31064,1302BR,0.0019029422267894441
31075,1152BB,0.005323133945822371
31077,2062BR,0.33789227113743897
31088,0412BB,0.002488855869242106
31090,1037BR,0.06225620760388541
31131,1102BR,0.11199102188963123
31166,0433BB,0.060129808828354475
31201,0434BB,0.07495715428769235
31236,0398KO,0.12299189820627623
31260,0632BR,0.1320515771686983
31294,0539BB,0.0
31296,0473BB,0.14580063294183354
31331,0431BB,0.09163803499317684
31366,1013BR,0.08153558545967099
31401,1091BR,0.0800665039330559
31436,1178BR,0.1534168204506273
31471,1103BR,0.07991529574428348
31506,1104BR,0.0801103451612718
31541,1105BR,0.1020367217647104
31544,1106BR,0.14734005766091773
31555,1107BR,0.2642712679412041
31590,1108BR,0.08297624998555837
31625,1109BR,0.0867870482181543
31660,1111BR,0.06595990943558153
31695,1113BR,0.09420634668369664
31730,1114BR,0.07973338581587638
31765,0397BB,0.12264064635965072
31800,0289BR,0.052892252699546824
31835,0439BB,0.024575144293988153
31870,0440BB,0.0670349873701854
31905,0441BB,0.21300322974375613
31940,0381BB,0.019435756686028045
31942,0443BB,0.12600123225214255
31977,0445BB,0.03817395897119798
32012,1003BB,0.20698740845867097
32047,1094BR,0.04015667325572881
32049,0444BB,0.004653962814605547
32051,0446BB,0.08760073125941961
32086,0602KO,0.12191321950475999
32120,1115BR,0.08201817409548182
32155,1154BR,0.6707442148485565
32159,1153BR,0.02674456646425017
32194,1151BR,0.017160625724843996
32197,1117BR,0.2149439952165155
32232,1118BR,0.08442782625022092
32267,0639BR,0.03503098895176507
32269,1148BR,0.03648634759669738
32271,1119BR,0.16856832538646854
32306,1147BR,0.022621030263220477
32341,1146BR,0.01961741988360075
32376,1145BR,0.24494834881858854
32411,1121BR,0.08111933773395377
32446,1144BR,0.022375152116884373
32457,1122BR,0.04755091753827505
32492,1123BR,0.028316275367031216
32495,1143BR,0.08567129267974423
32530,1142BR,0.24057331469693244
32565,1126BR,0.1881332557387216
32600,1127BR,0.030834404704196246
32602,1141BR,0.10492627581335949
32637,1128BR,0.12801824889301816
32672,1140BR,0.10438472341814542
32707,1139BR,0.021046665649655613
32710,1138BR,0.1957986258713574
32713,1130BR,0.026431362668484525
32748,1137BR,0.25725524759290597
32783,1131BR,0.05314964297742439
32818,1136BR,0.17013524900990887
32853,1132BR,0.06925916983763737
32888,1133BR,0.1100992642050138
32923,1134BR,0.17511744923844597
32926,1135BR,0.044591314932022
32961,0404KO,0.08414920989406437
32996,0405KO,0.16110269497607965
33027,0406KO,0.16813788676643623
33062,0407KO,0.4001521259927266
33097,0408KO,0.0737941379783528
33132,0409KO,0.027432125007941153
33156,0412KO,0.17145232920986672
33191,0413KO,0.07564325432076649
33226,0414KO,0.11077417811417993
33261,0417KO,0.02151818055079919
33296,0418KO,0.16575142738780235
33331,0419KO,0.15403403124765527
33366,0421KO,0.14306449085567688
33401,0423KO,0.207625801481787
33436,0427KO,0.10354146113620256
33460,0428KO,0.0739541503599754
33495,0429KO,0.0551507921097591
33530,0430KO,0.16058152941689807
33554,0431KO,0.30026757727086023
33589,0432KO,0.06517043054808523
33624,0448BB,0.03078280279816073
33659,0449BB,0.057563048532256404
33694,0450BB,0.20410582524832227
33729,0451BB,0.0612983246565027
33764,0454BB,0.042645444769847086
33799,0455BB,0.017899651678878383
33834,0456BB,0.2427297239664713
33869,0457BB,0.11885231683249287
33904,0459BB,0.023878491335293503
33939,0460BB,0.020724632524877162
33974,0465BB,0.029692193047943648
34009,0466BB,0.18492874590483252
34044,0469BB,0.04827541888835873
34079,0471BB,0.07725999705194891
34081,0410KO,0.1081969133150789
34090,0411KO,0.055632211936802824
34119,0425KO,0.05729032946131828
34154,0464BB,0.12292417827811494
34189,0422KO,0.1211534954749777
34224,0416KO,0.38501754983026376
34259,0424KO,0.26701767522299785
34294,0426KO,0.23038281887518713
34331,0452BB,0.05626196488300386
34366,0461BB,0.02822087675951345
34401,0463BB,0.14867066589508968
34436,0433KO,0.24485306282419564
34471,0073BR,0.05992098713865535
34473,1075BR,0.15153354374039002
34475,1087BR,0.06662267194756535
34510,1032BR,0.06719438872656637
34514,0434KO,0.09966763585142195
34549,1072BR,0.018878896907673914
34552,0603KO,0.0872459667446515
34587,0447BB,0.07311222313278595
34622,0133KO,0.0975543291414119
34657,1158BR,0.047314221668877984
34692,1038BR,0.07840406217470429
34695,1110BR,0.02483013623069431
34730,0547BB,0.0
34732,1159BR,0.10388521776892129
34735,0470BB,0.041342256783073794
34770,0428BB,0.024594619312222028
34775,0397KO,0.14588641737125824
34799,1116BR,0.17484936756545136
34834,5006KO,0.5358915531291797
34867,0467BB,0.09117776339132407
34902,1165BR,0.06999283159912732
34937,1161BR,0.07207871287351238
34972,1166BR,0.10008707812415443
35007,1169BR,0.029690930474749577
35042,1163BR,0.08040112625129885
35077,1168BR,0.05982738743475232
35081,1162BR,0.08889359269103998
35116,1171BR,0.09079998768944979
35151,1170BR,0.019408030840626842
35163,1164BR,0.09023446592779956
35197,1160BR,0.24343454638115786
35218,0442KO,0.09648827882154762
35253,0446KO,0.0630825283647042
35284,0447KO,0.07132921419539749
35319,0440KO,0.07963742891287787
35354,0439KO,0.12358901141107731
35389,0436KO,0.08816810928513852
35424,0437KO,0.1069068283494959
35459,0444KO,0.040814751625571445
35494,0474BB,0.06909915751956434
35529,0475BB,0.19046472881059842
35564,0476BB,0.018859495935078137
35599,0438KO,0.09165174338331623
35634,0441KO,0.06844525262315858
35669,0445KO,0.13527794496287737
35704,0443KO,0.13085754503879976
35739,0448KO,0.07061591521502514
35774,0449KO,0.08288462707909242
35809,0477BB,0.0797047089898618
35814,0478BB,0.08339142887448207
35849,0479BB,0.015608742011608332
35884,0480BB,0.08858345503895734
35919,,0.4489331120690582
35930,1175BR,0.003442412177014696
35932,0417BB,0.026971701576354673
35967,0453BB,0.06741772660638143
36002,0636BR,0.11081109149444389
36004,0635BR,0.21747997290101145
36018,0638BR,0.04244069065556126
36020,0641BR,0.08084960602946213
36022,0316BB,0.09849468823882178
36046,1152BR,0.04083163643609672
36081,1167BR,0.10987355864364393
36115,1156BR,0.037879461890688436
36150,1172BR,0.0750669614359449
36185,1177BR,0.06436046134634164
36220,0458BB,0.21811549687112589
36255,1070BR,0.00459096988757541
36257,1176BR,0.0886727977070258
36292,0379KO,0.05546681195346576
36327,2078BR,0.01581027667984198
36329,1095BR,0.1024103847928272
36364,1150BR,0.0688343236624366
36368,0435KO,0.0031085822319984417
36370,1173BR,0.12773260847505094
36374,0484BB,0.02705713554373266
36409,0486BB,0.08751015695564594
36444,2116BB,0.11075243163291446
36479,0492BB,0.003110844294056692
36481,1181BR,0.0755565837953832
36516,1182BR,0.05645233717078207
36551,1183BR,0.06118517284326163
36586,1184BR,0.033630343484688005
36597,1185BR,0.09228230816284291
36608,1187BR,0.08314523846689062
36643,1188BR,0.052131072322510214
36678,1191BR,0.15779264169149299
36713,0489BB,0.10143031179538617
36748,0491BB,0.005979242581007104
36753,0490BB,0.09827831234450521
36788,1186BR,0.020628307489674882
36823,1192BR,0.025489577185694032
36858,1194BR,0.08613063562890888
36893,1193BR,0.003948704448873653
36895,0450KO,0.05356053695199423
36930,0451KO,0.09754374882300644
36965,0452KO,0.08505525009406026
37000,0454KO,0.10627580358548747
37035,0455KO,0.018801545918806933
37070,0457KO,0.06295896067946632
37105,0458KO,0.12554732808091235
37132,1190BR,0.0696980458285278
37167,0456KO,0.20287614842111976
37202,1900BB,0.006010272101409696
37204,0643BR,0.15933800317253524
37239,1129BR,0.08733787345897834
37274,1157BR,0.029637103741442853
37309,1179BR,0.0794801721030315
37344,1180BR,0.08579451040081734
37379,0383BR,0.08126128573270576
37414,1125BR,0.00823045267489713
37416,0482BB,0.05786900154301989
37451,0453KO,0.3068018517675758
37482,1189BR,0.19147632615306495
37517,1972BR,0.07992043572737724
37552,1043BR,0.04608933039943887
37587,0644BR,0.16552515455226577
37621,0487BB,0.10633739017693165
37656,0645BR,0.3302531681118949
37659,0605KO,0.15186383416304838
37691,2064BB,0.11793509834841065
37693,0647BR,0.18036121985250958
37704,0648BR,0.6077273529985591
37715,0606KO,0.5358724352961625
37750,1015BR,0.08325906339830327
37785,0649BR,0.07934497353970647
37796,0468KO,0.08181539692616807
37807,0429BB,0.07349522499153174
37842,0650BR,0.01226768201899517
37845,0420KO,0.09927503442030025
37880,2079BR,0.47836049822489124
37950,1098BR,0.0847496530383856
37985,0605BB,0.18230649246411976
38019,0606BB,0.07894594139305719
38054,0654BR,0.17013278932029144
38088,0719BR,0.05901718879945914
38123,0493BB,0.008474251313317286
38125,0494BB,0.04142342195161388
38160,0496BB,0.1622921201398146
38195,0497BB,0.21977698295813167
38197,0498BB,0.0879039069362695
38231,0459KO,0.08255654342950526
38237,0460KO,0.0465288109900287
38272,0464KO,0.030340931142259425
38307,0462KO,0.023202792360419344
38342,0465KO,0.031768563889848646
38377,0466KO,0.12097066280333216
38379,0461KO,0.05949201960681024
38414,0092BB,0.043732004691880905
38449,1197BR,0.4778479825803626
38453,0499BB,0.12440610124978996
38487,1001BB,0.036894159977249805
38522,0463KO,0.06509221351481344
38557,0032BB,0.1157866403481226
38559,1280BR,0.03845818941822886
38562,1346BR,0.07939281598051479
38565,0163BB,0.04267651621777025
38600,0467KO,0.07397891011655108
38635,0546BR,0.5792922673656619
38637,2111BB,0.004136729806226887
38639,0078BB,0.16505955757231994
38641,0147BB,1.0
38643,1039BB,0.0095342867620095
38645,0608KO,0.013367213119052503
38649,1199BR,0.043953161253655205
38652,1004BB,0.042039092616041385
38687,0558BB,0.11940298507462681
38689,0561BB,0.11682340647857893
38691,0495BB,0.037445987463945375
38726,1200BR,0.02189781021897812
38728,1034BB,0.1560691379570001
38763,1032BB,0.029167452218049592
38798,1033BB,0.03528322789690025
38833,1005BB,0.20725367952366655
38868,1006BB,0.03966698913328345
38903,1011BB,0.07204650856375608
38938,1012BB,0.00544889947854614
38940,1014BB,0.14404295266642514
38942,1015BB,0.09165310845591056
38977,1016BB,0.03658530440861919
39012,1017BB,0.03789483254456827
39033,1018BB,0.10911430757230095
39052,1019BB,0.1065445984125232
39071,1020BB,0.04849380068839945
39095,1021BB,0.16941823933246594
39130,1022BB,0.005448462641389189
39132,1202BR,0.16522710129942939
39167,1214BR,0.11440689087172012
39202,1215BR,0.1202045573380909
39237,1217BR,0.06481824164701888
39272,1218BR,0.15116940363221532
39307,1219BR,0.17138216453425723
39318,1203BR,0.3998626208778167
39322,1212BR,0.04883956190329142
39357,1206BR,0.07462095776570679
39392,1216BR,0.14099750951987217
39427,1213BR,0.14474195321996983
39437,1023BB,0.047491797443188696
39472,1024BB,0.1844995308077814
39496,1025BB,0.011475330460465767
39498,1026BB,0.03510169401518772
39500,1029BB,0.09158103421858786
39535,1031BB,0.3508474654349964
39559,1036BB,0.23900765349113717
39594,1999BB,0.06045699023044276
39629,1986BB,0.06020914035433184
39634,1998BB,0.10325318246110321
39636,1997BB,0.08437781401514936
39671,1996BB,0.41541536322509093
39706,1994BB,0.0669919468406393
39741,1208BR,0.17758826755366772
39776,1993BB,0.09187938281376544
39811,1991BB,0.07727901207819796
39835,1990BB,0.06193937802726068
39859,1209BR,0.016516893418344284
39861,1989BB,0.09235164904276807
39896,1988BB,0.09871408910074657
39920,1211BR,0.05335204528581363
39955,1205BR,0.165100561149578
39958,0474KO,0.2696565181891656
39993,0475KO,0.42311706952371414
40028,0476KO,0.1708438046666455
40063,0481KO,0.3158699967478814
40098,0482KO,0.21273853672761517
40133,0483KO,0.11031438556521703
40168,0484KO,0.08882305731119548
40203,0485KO,0.04227623017486847
40238,0486KO,0.19358105267768483
40273,0477KO,0.03370172429651735
40308,1220BR,0.010676286053994349
40311,0480KO,0.2427580810322447
40346,1983BR,0.10046678750086546
40381,1981BR,0.03430133951749682
40383,1982BR,0.1229820208375034
40418,1977BR,0.07362873218924867
40453,1979BR,0.05670655506511606
40488,1980BR,0.11573412010098995
40523,1984BR,0.05581731396771026
40558,1985BR,0.06884473987066132
40569,1986BR,0.06744318871405657
40604,1993BR,0.00605405050372444
40609,1995BR,0.06079828097810829
40644,1994BR,0.2510387279052065
40679,1987BR,0.3454796542086945
40714,1991BR,0.12472174796308703
40716,0611KO,0.11766620030367807
40727,1992KO,0.07165782863522183
40729,1996BR,0.058303397485341704
40732,1988KO,0.10663060991658352
40767,1989BR,0.09738917470689112
40802,1998KO,0.12631196323179825
40837,1993KO,0.13210697773328528
40872,1999KO,0.09557070917807037
40907,0062KO,0.08479649016522983
40942,1028BB,0.06391315901697522
40961,1030BB,0.005608302053433451
40963,0563BB,0.0
40965,1990KO,0.0857496103187417
41000,1037BB,0.06251637957751315
41035,1222BR,0.001641197201598541
41038,1223BR,0.32764106832056467
41042,1224BR,0.27546512480104157
41045,0487KO,0.24334336219119918
41080,1995KO,0.101888380210262
41115,0488KO,0.12887051285741954
41150,0489KO,0.2172783917997023
41185,1040BB,0.07363100965605611
41220,1038BB,0.07483916807685348
41255,1225BR,0.29132569644551676
41290,1978BR,0.0412009487431673
41293,0473KO,0.07658693036679483
41328,0660BR,0.1792017363470551
41339,0664BR,0.051292439834697286
41341,0665BR,0.001088303757671026
41343,0663BR,0.13151097422551594
41378,0662BR,0.21273790971927678
41413,1997KO,0.11308217675388196
41448,1041BB,0.02022307551654783
41450,1042BB,0.014432770879762325
41452,1043BB,0.04065227583138555
41476,0697BR,0.11154387893889621
41480,1226BR,0.1777343603610906
41515,0379BR,0.5062065197953736
41518,1996KO,0.12963416477196982
41553,1007BB,0.0012994934627522951
41555,1045BB,0.08736108838420367
41590,1046BB,0.14992294935304643
41625,1987BB,0.10460707245552599
41660,0479KO,0.05674597399181095
41695,1992BB,0.06524568857309523
41730,0666BR,0.10920112500901634
41741,1204BR,0.2352839058286727
41744,7541BR,0.16844598558487406
41779,0667BR,0.06941842294387154
41790,0668BR,0.08954802252354116
41801,1992BR,0.07689624516343525
41836,1207BR,0.14244819035296283
41871,1227BR,0.06957130111775019
41906,1228BR,0.07061083255058745
41909,1230BR,0.09378747607837122
41944,1232BR,0.16593657595515646
41960,1233BR,0.09770346794921313
41963,1001KO,0.010121254634732901
41965,1004KO,0.06165570014424704
41989,0495KO,0.14504863187495182
42024,0493KO,0.12538344145906652
42051,1002KO,0.12409851654281023
42078,0492KO,0.12130124331476695
42102,1007KO,0.2177820899230432
42137,1009KO,0.13129689476257153
42172,0494KO,0.16833755160909714
42207,1008KO,0.24479202041139242
42242,1998BR,0.5076403123890961
42246,1047BB,0.06622549881358776
42281,1048BB,0.06945315169519152
42316,1049BB,0.0003101015582603793
42318,1052BB,0.07264400551879913
42353,1053BB,0.054165398443741276
42388,1055BB,0.30772360480097655
42390,1059BB,0.03572005662766252
42425,1062BB,0.04824844720496892
42427,1063BB,0.3749836108561689
42429,1064BB,0.46506137865911235
42431,1065BB,0.055492743256651
42433,1066BB,0.08729748153581361
42468,1067BB,0.03717528436383845
42503,1210BR,0.0444625128097612
42538,1005KO,0.3886669762184259
42573,1011KO,0.2950585515307867
42587,1068BB,0.09398520907665484
42622,0040BB,0.04593971324670651
42657,1221BR,0.08135402128778832
42692,1341BR,0.0
42693,0614KO,0.11418590684362441
42728,1985BB,0.07681624252208805
42763,0670BR,0.0
42764,1022KO,0.17130087803786306
42775,1017KO,0.08564984762815145
42810,1018KO,0.10462399268603931
42845,1019KO,0.061229797974829185
42880,1021KO,0.03316950397555647
42911,1020KO,0.029552018887283378
42946,1024KO,0.11071745758421406
42981,1242BR,0.060319937797453885
43015,1243BR,0.07833043861337523
43050,1244BR,0.04901731073883107
43053,1245BR,0.11519404851471009
43064,1246BR,0.011260045920523229
43067,1249BR,0.08840243307219582
43070,1250BR,0.1101262482453037
43081,1251BR,0.05044900342427224
43084,1976BR,0.08400681075298452
43095,1975BR,0.042270678920586946
43098,1069BB,0.05162902301004967
43133,1070BB,0.00615944522887072
43138,1071BB,0.2728520208776226
43173,1984BB,0.4817601171391785
43175,1983BB,0.22860004240438325
43199,1982BB,0.281703323207782
43234,1981BB,0.05983399996478706
43255,1979BB,0.3139745456711209
43279,1987KO,0.11474325619010664
43310,1014KO,0.10729101701648357
43345,1016KO,0.06814220271218
43380,1252BR,0.06794882975715771
43415,1253BR,0.09339973921239253
43450,1044BB,0.18183185752662354
43485,1073BB,0.003396839462413221
43487,1074BB,0.014286403783966452
43489,1050BB,0.008419159718816356
43491,1990BR,0.07618379958214465
43501,1072BB,0.01649309249648086
43536,2121BB,0.18224582701062217
43538,0488BB,0.17745934018284945
43573,1254BR,0.11806060504876151
43608,0573BB,0.09905810671593487
43643,1076BB,0.1300517963399362
43677,0672BR,0.4625212116157538
43680,0675BR,0.014904862579281234
43682,0679BR,0.0531813417566042
43685,0682BR,0.20240091702244747
43696,0007KO,0.07849410327340173
43707,0671BR,0.19918769616842225
43718,0652BR,0.1892955407384519
43753,0684BR,0.2127720645210288
43788,1025KO,0.04996697570903582
43822,1980BB,0.06618454961344067
43824,0576BB,0.03666666666666665
43826,1153BB,0.13840304182509497
43828,0579BB,0.06584582441113489
43830,0580BB,0.0685018193323842
43832,1077BB,0.09438443897478625
43839,0561BR,0.21062529483407313
43843,1054BB,0.1456249134641113
43878,2120BB,0.030593438997419842
43880,1012KO,0.069658579061061
43915,1258BR,0.13250882195216684
43950,0615KO,0.020021717461352777
43984,0613BB,0.23565704081220043
44020,0612BB,0.08029035995172935
44031,1240BR,0.08073979148349887
44066,1248BR,0.07536542176798684
44101,0011BR,0.0713589304227207
44136,1027KO,0.14246730769650354
44171,1247BR,0.04718113694810071
44206,1149BR,0.1181877848934673
44241,1978BB,0.059052578090848545
44276,1078BB,0.022532400966788244
44311,1977BB,0.3295362503085389
44346,1080BB,0.04461519557272332
44381,1976BB,0.3822642192589577
44402,1081BB,0.9042553191489363
44404,1082BB,0.3293533921818162
44439,1975BB,0.24904701397712842
44441,1972BB,0.36999008579189857
44465,1969BB,0.013996590448247043
44500,1939BB,0.027269027269027305
44502,1938BB,0.00149004781496717
44504,1087BB,0.13388470866239655
44506,1968BB,0.06295926813232947
44541,1967BB,0.12423919653370229
44565,1966BB,0.05084341550622453
44599,1965BB,0.18112107623213464
44633,1962BB,0.04887135938980294
44657,1960BB,0.2406170849643104
44659,1959BB,0.4763465106943841
44678,1958BB,0.004186587602626424
44713,1957BB,0.025022610792885185
44715,1956BB,0.0022378960690198086
44717,1954BB,0.08116709481301672
44752,1953BB,0.06337976999031394
44787,1951BB,0.04227502915789355
44822,1947BB,0.4660330928610861
44857,1945BB,0.6434877440178449
44881,1948BB,0.10749655407022968
44905,1259BR,0.06717823868255668
44908,1263BR,0.022328630823196097
44911,1267BR,0.042221174113151544
44914,1260BR,0.20365048477747738
44917,1037KO,0.2692493609832236
44952,1038KO,0.07892029992030608
44987,1036KO,0.2960345165882906
45022,1946BB,0.08964759222367241
45024,1950BB,0.0743908182742124
45026,1028KO,0.042733941600683396
45061,1974BR,0.13303523660839178
45096,1270BR,0.24475357755926266
45100,1271BR,0.025959581256244577
45103,1272BR,0.07130884009782647
45105,1275BR,0.08008859895586719
45140,1262BR,0.07714474458369437
45175,1266BR,0.3607778364341718
45178,1264BR,0.3286089359918878
45196,1944BB,0.005601911701335833
45198,1941BB,0.19255427551784488
45232,1970BR,0.08076344941237125
45235,1986KO,0.2810218256728801
45270,1045KO,0.04298821627657418
45305,1985KO,0.13167201472221543
45340,1058KO,0.13682228423975157
45375,1051KO,0.12048734535597344
45410,1059KO,0.1211298258166132
45445,1056KO,0.04575468500865279
45450,1048KO,0.047583227399432604
45485,1982KO,0.11228609456808909
45520,1053KO,0.12174251755049097
45555,1055KO,0.1550591555183917
45590,1049KO,0.09095420940555281
45625,1047KO,0.03244962604756701
45660,1983KO,0.03954707120199231
45695,1063KO,0.060013533103061546
45730,1050KO,0.08099789657583156
45765,1279BR,0.20790967656173007
45800,1237BR,0.09548008705641785
45835,1054KO,0.07949421642191518
45870,1984KO,0.09411227229219263
45905,1060KO,0.06219812303885321
45940,1068KO,0.06915624062488647
45951,1067KO,0.34964377618672327
45986,1281BR,0.20993944600376335
46021,1283BR,0.06458195106245018
46024,1284BR,0.02587135974036487
46027,1966BR,0.06344154803092489
46038,1285BR,0.060695714265794266
46073,1043KO,0.0950508378043974
46108,1065KO,0.09204928898801563
46143,1033KO,0.13454938841196676
46178,1039KO,0.3002790009748227
46180,1287BR,0.0778258936185238
46183,1261BR,0.17932906854063865
46218,1029KO,0.27783151501518394
46220,1289BR,0.11344370170168344
46223,1290BR,0.08195720520762186
46258,1291BR,0.18224558767375845
46263,1089BB,0.09006548170428519
46298,1292BR,0.016386891385676266
46301,1957BR,0.011708188688149804
46303,1294BR,0.1566448394072296
46338,1296BR,0.10062333942684706
46342,1057KO,0.38103437018437697
46377,1955BB,0.3268796216543705
46408,1066KO,0.11790618847839522
46439,1970BB,0.07388246706005974
46441,0688BR,0.11915693485155261
46452,1083BB,0.0025746961259804904
46454,1973BB,0.1668366039713848
46489,1974BB,0.01885873535539374
46491,1965BR,0.11171448764789005
46526,1297BR,0.02916565328596448
46529,1915BB,0.2886009327507011
46564,0199BR,0.03699231290313074
46566,1070KO,0.07241880699551767
46601,1072KO,0.038225352099647454
46636,1073KO,0.2629787814542169
46671,0244KO,0.04451730087061521
46706,0690BR,0.0656308048299126
46741,0564BR,0.1310914015140943
46752,1077BR,0.10064628341887015
46755,1981KO,0.0724789645654574
46790,1293BR,0.03759015224097359
46825,1071KO,0.19555697603525204
46860,1269BR,0.10636322546122474
46863,0589BB,0.026605618116569793
46865,0590BB,0.3153794791898508
46867,0592BB,0.10460637806193182
46869,0593BB,0.8422474338195569
46871,0252BR,0.07189985937567304
46906,0567BR,0.06555090655509067
46908,1064KO,0.18555556478941418
46943,1274BR,0.06569130346807751
46978,1255BR,0.1438693413330746
46989,2080BR,0.1434434139963121
47024,1090BB,0.11005161173307629
47030,1968BR,0.09734702714382308
47065,1963BR,0.0959397641848527
47068,1962BR,0.180609546430145
47071,1960BR,0.01816629275482451
47074,1959BR,0.07541901788319227
47109,1958BR,0.19053526082733577
47144,1298BR,0.1543479103267026
47179,1300BR,0.011562073939347418
47182,1301BR,0.09149021225851511
47217,1980KO,0.12357533255004528
47248,1979KO,0.09944394601168921
47283,1978KO,0.5262970325936851
47318,1976KO,0.4611832900849254
47353,1975KO,0.4411043962219568
47388,1977KO,0.5435448875746128
47415,1075KO,0.06210402594734924
47450,1091BB,0.0005390005390006117
47452,1093BB,0.009253193580085209
47454,1094BB,0.21224441653944626
47478,1095BB,0.21657168905483176
47513,1097BB,0.00391804226347225
47515,1256BR,0.09899595384384835
47517,1277BR,0.06404254659950126
47552,0633BR,0.0889585665712498
47562,1061BB,0.017236771779796937
47564,1195BR,0.08920399364076068
47568,1963BB,0.04490526085210467
47570,1085BB,0.18534549714529322
47594,0693BR,0.5696435113867283
47629,0694BR,0.11853871324408576
47664,1069KO,0.06388263021893627
47667,0596BB,0.01360089186176145
47669,0598BB,0.0147943423833523
47671,1625BR,0.38522256977803954
47684,2082BR,0.19462653464270813
47696,0524KO,0.037919233401779606
47698,1079KO,0.05376970692334829
47733,0208KO,0.020784171963021868
47768,1623BR,0.07972065094779879
47779,1273BR,0.007585427227307653
47781,1304BR,0.09360554049710851
47816,1309BR,0.08010484857245861
47851,1314BR,0.562594799336799
47886,1313BR,0.017316842095424688
47890,1956BR,0.4623023335364705
47925,1311BR,0.07122906141896382
47960,1312BR,0.03308631959643608
47995,1936BB,0.0
47997,1080KO,0.05181056130501211
48032,1081KO,0.1310960275800735
48067,1082KO,0.09713597367631308
48102,1083KO,0.10614918310381281
48137,1084KO,0.07437407968030788
48172,1085KO,0.1247096158795735
48183,1086KO,0.07611883647907251
48185,1087KO,0.24118418498653252
48220,1088KO,0.5522711718757916
48255,1089KO,0.075159278859504
48290,1961BR,0.1034246089327821
48294,1955BR,0.09877125110664699
48297,1099BB,0.03163829234820669
48299,1090KO,0.0329979113646496
48334,1100BB,0.0
48335,1315BR,0.23180004779368465
48339,0497KO,0.002255728362816078
48341,1953BR,0.01922875734940254
48343,0619KO,0.24141071268088063
48378,1091KO,0.0374707338043932
48413,1935BB,0.028603552651254468
48437,2083BR,0.09808470687016851
48470,1973BR,0.08715406856670795
48472,1317BR,0.05910808548459726
48507,1952BB,0.04215450484975024
48509,1316BR,0.19397852569097207
48520,1997BR,0.052283340256712815
48524,0620KO,0.7017788448477495
48527,9503BB,0.33426966292134824
48529,1282BR,0.10853587116529155
48563,1092KO,0.04128432224426966
48568,1276BR,0.06669130047789672
48603,1319BR,0.06988678364887377
48606,1954BR,0.09739516337093311
48616,1307BR,0.019702353840401605
48619,1239BR,0.05372260353282219
48622,0621KO,
48657,0698BR,0.14956819270962107
48692,1321BR,0.0333817126269956
48694,1322BR,0.0
48695,1323BR,0.04301338206068792
48698,1324BR,0.002619760479041931
48700,1325BR,0.0890172320088399
48703,1094KO,0.0053054224302361685
48705,1933BB,0.0011730893307524948
48707,1934BB,0.0022089327083670506
48709,1326BR,0.0
48710,1328BR,0.07346554703728671
48713,1329BR,0.18234495118555116
48748,1340BR,0.20050894270143033
48751,1330BR,0.035879146102876874
48786,1974KO,0.09377506129242205
48791,1973KO,0.06378079126622051
48826,1972KO,0.11735625759923957
48861,1971KO,0.1635126136049684
48897,1102BB,0.00970652049788738
48899,1096KO,0.09216492071703318
48930,1097KO,0.06856271536118876
48965,1098KO,0.176879534562954
49000,1099KO,0.17305178354595296
49024,1100KO,0.14980660741764285
49059,1102KO,0.05518499408192926
49094,1103KO,0.07907115686333602
49118,1940BB,0.3100674422192428
49130,1331BR,0.011244210705517248
49133,1098BB,0.04037191093711768
49135,1931BB,0.12502007817101243
49137,1929BB,0.08786733281398783
49172,1930BB,0.06317416827270794
49191,1927BB,0.07113047194226853
49212,1924BB,0.35832724005875405
49233,1926BB,0.046052235160910136
49252,1042KO,0.050672594926365486
49287,1310BR,0.013870883069936963
49290,0366BR,0.4913060081473494
49294,0615BB,0.06468835116407806
49329,1104KO,0.13637036668099448
49334,1968KO,0.1357035652344689
49369,9510BB,0.05129752564876284
49371,9511BB,
49373,9512BB,0.02397639247510147
49375,0576BR,0.003197612449371159
49377,0699BR,0.5186205696315748
49380,1327BR,0.1583844392368967
49383,1093KO,0.32564580988258185
49418,1096BB,0.12784159763983913
49453,1305BR,0.19793340520309985
49455,1600BR,0.25499149179927044
49560,1964BR,0.08059116201142023
49571,1092BB,0.050025571224732314
49595,1333BR,0.019365970920796956
49598,1335BR,0.0024020979791524754
49600,1917BB,0.16192076830732294
49602,1920BB,0.07092321661160612
49613,1921BB,0.21323536825571135
49626,1919BB,0.017650314671695932
49628,1923BB,0.07072514128930864
49647,1922BB,0.07531664263252083
49649,1336BR,0.055242549874207195
49651,1337BR,0.06269403527810603
49654,1104BB,0.09359809701106633
49656,1105BB,0.045789808834646
49680,1106BB,0.025971891181063547
49682,1108BB,0.13287343013813188
49684,1109BB,0.15186357086620014
49686,9513BB,0.0026638252530633896
49688,1343BR,0.04625092450902102
49691,1348BR,0.12674334840733392
49726,1349BR,0.015593084332338141
49730,1350BR,0.0359794295724493
49733,1351BR,0.29975707320801054
49736,1355BR,0.008123272757725375
49738,1356BR,0.1516032563548762
49740,1358BR,0.09930810946640767
49744,1359BR,0.0
49745,0579BR,0.2687665587282897
49747,1363BR,0.17742005342487605
49750,1118KO,0.03993268953474135
49785,1105KO,0.09957491834132529
49807,1366BR,0.024784388884049116
49809,1107KO,0.18874510235232303
49840,1109KO,0.6887571599840149
49842,1111KO,0.1412947948676198
49877,1112KO,0.13042551849692313
49908,1113KO,0.4573264268475118
49919,1052KO,0.0022037434254987822
49921,1115KO,0.08940496299465307
49956,1967KO,0.11139501189285787
49991,1117KO,0.10563305974706344
50001,1950BR,0.021077414653287777
50003,1030KO,0.4286186096202014
50038,1367BR,0.0
50039,1925BB,0.13107847917662066
50052,1345BR,0.2867274215073411
50056,1971BB,0.451281021359189
50075,1347BR,0.0
50076,1601BR,0.10897776745956576
50110,1368BR,0.02792862092738719
50113,1602BR,0.18795140871457106
50120,1119KO,0.01309854429758752
50155,1114KO,0.15323360092570432
50190,1603BR,0.035889634188507005
50192,1111BB,0.14532754935467265
50198,1353BR,0.05784059140421878
50202,1110BB,0.0
50203,1969BR,0.002262443438914019
50205,1928BB,0.13041583422463307
50224,1370BR,0.13389687224233696
50227,1952BR,0.0
50228,1371BR,0.06303093060269609
50230,1372BR,0.670883323282212
50234,1999BR,0.13940354701278118
50236,9515BB,0.8334819040827242
50238,9516BB,0.012817727568976778
50240,9517BB,0.000395256916996046
50242,9518BB,0.0022055580061755547
50244,1911BB,0.5512786361495944
50279,1909BB,0.43939059395009933
50281,1916BB,0.0740169838289285
50283,1914BB,0.06080740117746006
50285,1913BB,0.0897330489174348
50301,1114BB,0.33928723185552234
50311,1908BB,0.02814396612561754
50313,1373BR,0.006448158468960787
50316,1120KO,0.310938408476163
50332,1106KO,0.0
50333,1606BR,0.17961833842606767
50368,1910BB,0.12643886349445427
50370,1376BR,0.29281330299151015
50373,1386BR,0.08377081711084876
50375,1383BR,0.010186553749051334
50377,1123KO,0.05326511665284234
50401,1040KO,0.08305326359287027
50428,1907BB,0.09464735827608366
50430,1906BB,0.10924855491329483
50432,1918BB,0.04529285034320354
50434,1377BR,0.0107478429512094
50437,1378BR,0.755085364524931
50441,1380BR,0.04780355817910287
50444,1125KO,0.25040878751659784
50479,1127KO,0.11544788030798235
50514,1128KO,0.1203982163985632
50525,1607BR,0.773323155469994
50530,1387BR,0.049837889552291695
50532,1115BB,0.02523907998730089
50535,1609BR,0.27387562742894117
50541,1610BR,0.43232498869995384
50547,1129KO,0.632248340127632
50555,1119BB,0.15065472088215034
50557,1384BR,0.07696191575302937
50559,1399BR,0.04667696395588726
50561,1121BB,0.2423453145800776
50563,1904BB,0.09554722472983164
50597,0625KO,0.026898574173323964
50599,1389BR,0.2548876150228835
50604,1902BB,0.3003307616672907
50639,1393BR,0.10743120062505432
50641,1344BR,0.08797793991344449
50644,1394BR,0.7953509253868422
50646,1136KO,0.08654605672141057
50677,1137KO,0.29658724378316514
50679,1138KO,0.03436329210812555
50681,1139KO,0.03974579158736989
50708,1381BR,0.326323168594462
50710,1125BB,0.28617986435303444
50712,1400BR,0.21599674992853454
50723,1395BR,0.020091419925073312
50727,0585BR,0.01733677609738101
50729,1398BR,0.0
50730,0529KO,0.248994368463395
50732,0626KO,0.1488811737572965
50767,0530KO,0.03117063033941353
50769,0531KO,0.19610118356927358
50771,0616BB,0.12231640449879735
50783,1964BB,0.19695348696646778
50816,2123BB,0.04935725195946171
50818,0627KO,0.05689501828434245
50829,1612BR,0.40682508361672043
50831,1392BR,0.0879144732171711
50834,1415BR,0.06229806722893499
50845,1128BB,0.004868184541641708
50847,1409BR,0.0
50848,1416BR,0.23691192323697094
50870,1405BR,0.025915244732836632
50872,1131BB,0.05345316934720901
50874,1411BR,0.033133709559227835
50876,1129BB,0.6091321484345951
50878,1403BR,0.06664359209340409
50881,1401BR,0.015445182655774471
50883,1402BR,0.03516993493789524
50885,1410BR,0.23402785462502457
50920,1413BR,0.12029570198049312
50923,1429BR,0.16019004839264153
50958,1406BR,0.044255528609373936
50961,1142KO,0.005156950672645758
50963,1144KO,0.01600164823844517
50965,1146KO,0.042450157127402
50967,1140KO,0.08603810051104321
51002,1147KO,0.16262698312042934
51037,1141KO,0.03613211301233582
51039,1421BR,0.12689197620606377
51046,1419BR,0.00679023674068644
51048,1430BR,0.06945685188493836
51050,1151KO,0.0739106726813067
51052,1153KO,0.4782217422606192
51054,1396BR,0.22247500754952632
51089,1608BR,0.06420189307314321
51124,1616BR,0.04367187288465452
51130,1145KO,0.06503091276871169
51154,1152KO,0.046589993407076355
51156,1432BR,0.19996939697125563
51159,1391BR,0.00871711313112188
51161,1617BR,0.10157290951244966
51196,5240BB,0.007281553398058227
51198,1388BR,0.6492708240747704
51200,1414BR,0.0
51201,1442BR,0.0
51202,1154KO,0.050809144618546076
51204,1443BR,0.11719377867869209
51213,1134BB,0.014732107279632074
51215,1159KO,0.034255830468148396
51226,1161KO,0.12308275974201945
51228,1162KO,0.09935750344194587
51230,1163KO,0.02497714038211658
51232,1164KO,0.1223061774785016
51236,1146BB,0.20086840298382763
51260,1385BR,0.018070223643003768
51263,1142BB,0.14448638094446667
51265,1449BR,0.0
51267,1139BB,0.19531490804479598
51269,1448BR,0.060599151885458884
51271,1144BB,0.358945818988222
51273,1148BB,0.15436290617013507
51275,1151BB,0.0700188551229332
51277,1451BR,0.42919863552341875
51280,2055KO,0.056332141157156325
51315,1150KO,0.4794121176114182
51325,1166KO,0.07728484898556022
51329,1458BR,0.6833623955264266
51331,1169KO,0.4527838609064968
51333,1154BB,0.018568036869064986
51335,1632BR,0.07005610624778802
51358,1634BR,0.3766741570946001
51366,1156BB,0.1681886485354843
51387,0621BB,1.0
51389,5417BR,0.12778976968928857
51391,1177KO,0.38824603636322713
51414,1178KO,0.5898401251425086
51416,5425BR,0.024591209872942468
51418,1481BR,0.0
51419,1170BB,0.0
51420,1186KO,0.17482517482517484
51422,0630KO,0.0
51423,1486BR,0.0
51424,2086BR,0.44229352662129107
51426,1179BB,0.0
51427,0632KO,0.011348500105413694
51431,1203KO,0.0
